feature,importance
numeric__departure_hour,0.18553682920444112
categorical__time_period_morning,0.11924685163824617
categorical__time_period_evening,0.06574060939927773
numeric__temp,0.05931190595608024
numeric__coco,0.05872491908865578
numeric__rhum,0.04432682466825992
numeric__dwpt,0.03431338690900574
numeric__day_of_month,0.03212805715889726
categorical__Reporting_Airline_WN,0.03145458602107806
numeric__wspd,0.028900404620342667
numeric__CRSElapsedTime,0.025559219170517466
numeric__wdir,0.02513438671491573
numeric__Distance,0.022440157411934645
numeric__DayOfWeek,0.021220297023749755
categorical__Reporting_Airline_AA,0.02009621129010416
categorical__time_period_afternoon,0.019193735137554315
categorical__Reporting_Airline_MQ,0.015621892631519812
categorical__Reporting_Airline_OO,0.012358126679993092
categorical__Reporting_Airline_UA,0.009786981327340103
categorical__Dest_SFO,0.00972094973170875
categorical__time_period_night,0.008697076632192501
categorical__Reporting_Airline_DL,0.007675230067727051
categorical__Origin_DFW,0.006501418967500772
categorical__Origin_SFO,0.005814744611974943
numeric__is_weekend,0.005320877862831265
numeric__prcp_reported,0.005006732285309929
categorical__Reporting_Airline_B6,0.004471993561321943
categorical__Origin_DEN,0.004147381155168713
categorical__Origin_ORD,0.003964495810325088
numeric__prcp,0.0038536691328105604
categorical__Origin_LAX,0.0037629051840786664
categorical__Reporting_Airline_YX,0.003436328619170635
categorical__Origin_ATL,0.0034207804239772955
categorical__Origin_MSP,0.003204253481547036
categorical__Origin_BWI,0.002819177461595847
categorical__Origin_CLT,0.002818200425259273
categorical__Reporting_Airline_F9,0.0028032777243501635
categorical__Origin_SEA,0.002687252257356213
categorical__Origin_PHX,0.0026659855468359112
categorical__Reporting_Airline_AS,0.002139922880665243
categorical__Origin_IAH,0.002094997748686715
categorical__Origin_BOS,0.001859413139424656
categorical__Origin_MCO,0.0018373799316689719
categorical__Origin_MIA,0.0014808498632596704
categorical__Origin_LAS,0.001472881490866975
categorical__Origin_PHL,0.0014551767923856797
categorical__Dest_BOS,0.0014257653979159654
categorical__Origin_JFK,0.0013331388470866875
categorical__Dest_ORD,0.001325709916852697
categorical__Dest_MCO,0.0013198043560392338
categorical__Reporting_Airline_OH,0.0013196145213216315
categorical__Origin_LGA,0.001303757495549054
categorical__Origin_DTW,0.0012661836435766823
categorical__Dest_ATL,0.0012661011666530802
categorical__Dest_LAX,0.0012526278365015313
categorical__Dest_SAN,0.001173955541016699
categorical__Dest_SEA,0.0011611414692052151
categorical__Dest_DEN,0.0011432879595844813
categorical__Dest_PHL,0.0010590674177126877
categorical__Dest_IAH,0.0010137458667508216
categorical__Dest_DFW,0.0009652112400533407
categorical__Dest_LGA,0.0009583659170946191
categorical__Dest_LAS,0.0009322573869422321
categorical__Dest_MDW,0.0009306222218680543
categorical__Dest_EWR,0.0008951489668592023
categorical__Dest_JFK,0.0008648660592264311
categorical__Dest_PHX,0.0008508679002938332
categorical__Dest_PDX,0.0008392866095674764
categorical__Dest_SLC,0.0008031248097339043
categorical__Dest_IAD,0.0007505346733723088
categorical__Dest_MIA,0.0007466152322786954
categorical__Dest_BNA,0.0007087895679087154
categorical__Dest_CLT,0.0007021950190180285
categorical__Reporting_Airline_G4,0.0006935738712472413
categorical__Dest_DCA,0.0006909323689053655
categorical__Dest_AUS,0.0006740485268755859
categorical__Dest_DTW,0.0006669012208491811
categorical__Dest_MSP,0.0006540493276114592
categorical__Dest_FLL,0.0005923358471650367
categorical__Dest_SJU,0.0005907020811094679
categorical__Dest_CMH,0.0005740304861307642
categorical__Dest_STL,0.000573790532233828
categorical__Dest_TPA,0.0005588170714274038
categorical__Dest_SNA,0.0005538395095526843
categorical__Dest_DAL,0.0005270752243794397
categorical__Dest_BWI,0.0005002048200528009
categorical__Dest_SMF,0.0004941744020991842
categorical__Dest_RDU,0.0004889514310275375
categorical__Dest_IND,0.00048638485844346906
categorical__Dest_MCI,0.0004708827293582307
categorical__Dest_PIT,0.00046866776902458786
categorical__Dest_HNL,0.0004664444692836628
categorical__Dest_CLE,0.0004627303032950377
categorical__Dest_SAT,0.0004614348233386955
categorical__Dest_MSY,0.0004539092125507066
categorical__Dest_CVG,0.0003946159538941499
categorical__Dest_RNO,0.0003707026352846751
categorical__Dest_SJC,0.00035474477238171896
categorical__Dest_HOU,0.00035347475448368744
categorical__Dest_XNA,0.0003524441252672521
categorical__Dest_MKE,0.00032047396359330334
categorical__Dest_BUF,0.0003101167452997268
categorical__Dest_ABQ,0.0003096045083315395
categorical__Dest_BOI,0.0003040150458771859
categorical__Dest_ANC,0.0003025453721391343
categorical__Dest_MEM,0.00030172689115333005
categorical__Dest_JAX,0.0002976048567389921
categorical__Dest_OKC,0.00029457092288826035
categorical__Dest_OMA,0.0002910681949102598
categorical__Dest_ONT,0.000289462145481938
categorical__Dest_SDF,0.0002858026871141062
categorical__Dest_KOA,0.0002835789859856854
categorical__Dest_GEG,0.00027602170568395457
categorical__Dest_CHS,0.00027589553169742303
categorical__Dest_GRR,0.0002724067784814471
categorical__Dest_ORF,0.0002698100620540376
categorical__Dest_BHM,0.00026378782340393605
categorical__Dest_TUS,0.00026255083443833463
categorical__Dest_BUR,0.0002577917723192328
categorical__Dest_TUL,0.00024224602246590576
categorical__Dest_LIT,0.00024086441691901068
categorical__Dest_PBI,0.0002407190641453086
categorical__Dest_RSW,0.0002405592150642218
categorical__Dest_OGG,0.00023394395283997968
categorical__Dest_PNS,0.00022790006282859612
categorical__Dest_MSN,0.000226697535360865
categorical__Dest_BZN,0.00022220125121992715
categorical__Dest_RIC,0.00021798126126255726
categorical__Dest_BDL,0.0002171818139370635
categorical__Dest_FAT,0.00021064760217711772
categorical__Dest_OAK,0.000210303354882099
categorical__Dest_SGF,0.00020611062359095921
categorical__Dest_ELP,0.0002045235641660656
categorical__Dest_SBA,0.0001962531506521032
categorical__Dest_COS,0.00019461628184072363
categorical__Dest_LIH,0.0001939667212403383
categorical__Dest_COU,0.00018615536555979201
categorical__Dest_GSP,0.00018488392589367924
categorical__Dest_PVD,0.0001843428761857035
categorical__Dest_MRY,0.0001827408406464675
categorical__Dest_OTH,0.00018273226487707084
categorical__Dest_SAV,0.0001798409585016439
categorical__Dest_EUG,0.00017721386941396106
categorical__Dest_ICT,0.00017404397313317953
categorical__Dest_DSM,0.00017142520534636467
categorical__Dest_PSP,0.00016716761063138616
categorical__Dest_PWM,0.00016048028960491807
categorical__Dest_CID,0.00015679305385999151
categorical__Dest_FAR,0.00015674685054708207
categorical__Dest_TYS,0.00015611192691271627
categorical__Dest_FLG,0.00015402085131522032
categorical__Dest_RAP,0.00014922338733801917
categorical__Dest_ACV,0.00014637433010406133
categorical__Dest_MYR,0.0001445368898039849
categorical__Dest_SYR,0.00014291051825713732
categorical__Dest_TVC,0.00014185956090829565
categorical__Dest_ALB,0.00014091665814714016
categorical__Dest_JAC,0.0001401928534329554
categorical__Dest_RDM,0.000139811536084928
categorical__Dest_SHV,0.00013893809177025865
categorical__Dest_ROC,0.00013673990560406343
categorical__Dest_MFR,0.00013374810844045217
categorical__Dest_GJT,0.00013196084816063976
categorical__Dest_MSO,0.0001301962997799421
categorical__Dest_AVL,0.00012732746794593197
categorical__Dest_LEX,0.000123691165523924
categorical__Dest_ASE,0.0001219939848606882
categorical__Dest_VPS,0.0001216230748104585
categorical__Dest_FWA,0.00011962642397515468
categorical__Dest_DRO,0.00011711462820376597
categorical__Dest_GSO,0.00011658754293302547
categorical__Dest_LNK,0.00010911516463494758
categorical__Dest_PSC,0.00010624384818506445
categorical__Dest_EYW,0.00010594228198704798
categorical__Dest_ACK,0.00010293230805660816
categorical__Dest_MAF,0.0001023500801409203
categorical__Dest_MDT,0.00010185214624816497
categorical__Dest_SRQ,0.00010094841720552418
categorical__Dest_SBN,0.00010031478965166105
categorical__Dest_SAF,9.856955597227714e-05
categorical__Dest_BIS,9.699807024351739e-05
categorical__Dest_ILM,9.649753032846508e-05
categorical__Dest_LBB,9.552048601991613e-05
categorical__Dest_SBP,9.545425838764079e-05
categorical__Dest_PIA,9.467710593348383e-05
categorical__Dest_ATW,9.352266509674214e-05
categorical__Dest_ROW,8.960239986087435e-05
categorical__Dest_STT,8.925388388524552e-05
categorical__Dest_CLD,8.606814690860918e-05
categorical__Dest_ECP,8.50370276103183e-05
categorical__Dest_BTR,8.17529829371498e-05
categorical__Dest_ISP,8.167169790368494e-05
categorical__Dest_FCA,8.09154787756355e-05
categorical__Dest_HSV,8.083431726242548e-05
categorical__Dest_AMA,8.07341533335546e-05
categorical__Dest_MLI,8.06368829396252e-05
categorical__Dest_CAE,7.924485899028243e-05
categorical__Dest_JAN,7.891556858434439e-05
categorical__Dest_FSD,7.718018843552023e-05
categorical__Dest_TRI,7.532790733220826e-05
categorical__Dest_CAK,7.501866644788076e-05
categorical__Dest_IDA,7.364628579981969e-05
categorical__Dest_HPN,7.355739291537244e-05
categorical__Dest_DAB,7.350385130927765e-05
categorical__Dest_DAY,7.201908785104954e-05
categorical__Dest_CRP,7.16970441319998e-05
categorical__Dest_FAI,7.119874751975258e-05
categorical__Dest_MLB,7.009272058433168e-05
categorical__Dest_AEX,6.95245611270537e-05
categorical__Dest_TLH,6.815428062452287e-05
categorical__Dest_ABI,6.543317417672003e-05
categorical__Dest_BGR,6.530065437202244e-05
categorical__Dest_BFL,6.479772342669268e-05
categorical__Dest_LGB,6.361209432353488e-05
categorical__Dest_MFE,6.254352281031623e-05
categorical__Dest_GRB,6.204992682533594e-05
categorical__Dest_STS,5.991898205248008e-05
categorical__Dest_MVY,5.869893543034953e-05
categorical__Dest_BTV,5.846438914716964e-05
categorical__Dest_MQT,5.786212685757729e-05
categorical__Dest_GFK,5.757803330563287e-05
categorical__Dest_MHT,5.755973956234415e-05
categorical__Dest_ROA,5.701771800657013e-05
categorical__Dest_LRD,5.617718073644521e-05
categorical__Dest_MBS,5.436637284277053e-05
categorical__Dest_LFT,5.2997736823087056e-05
categorical__Dest_BLI,5.2534102910028286e-05
categorical__Dest_GNV,5.0704967858556356e-05
categorical__Dest_CPR,5.026936921974686e-05
categorical__Dest_SGU,4.994995967091982e-05
categorical__Dest_EGE,4.994099001923296e-05
categorical__Dest_CHA,4.929822251919692e-05
categorical__Dest_BIL,4.865883196028633e-05
categorical__Dest_GRK,4.705747494985752e-05
categorical__Dest_EVV,4.683761921912367e-05
categorical__Dest_MOT,4.57765047157735e-05
categorical__Dest_MHK,4.437374215881182e-05
categorical__Dest_XWA,4.3523229266851086e-05
categorical__Dest_SUN,4.27455913075066e-05
categorical__Dest_MLU,4.2222198092185196e-05
categorical__Dest_RDD,4.2007217652898484e-05
categorical__Dest_HHH,4.090250761757561e-05
categorical__Dest_DLH,3.8495666938428715e-05
categorical__Dest_TYR,3.820738630778671e-05
categorical__Dest_MTJ,3.764586453961405e-05
categorical__Dest_BMI,3.68291854194447e-05
categorical__Dest_CMI,3.628430341412901e-05
categorical__Dest_KTN,3.5461198352733935e-05
categorical__Dest_LSE,3.5191907782979086e-05
categorical__Dest_ACT,3.4827934064854066e-05
categorical__Dest_SJT,3.471487379623577e-05
categorical__Dest_ABE,3.4413855466868395e-05
categorical__Dest_GPT,3.4094940155997096e-05
categorical__Dest_SHD,3.2621654072077646e-05
categorical__Dest_COD,3.2595896380721645e-05
categorical__Dest_SIT,3.226225602507611e-05
categorical__Dest_PVU,3.1978829514558033e-05
categorical__Dest_MOB,3.150365333463576e-05
categorical__Dest_TXK,3.0689352281014984e-05
categorical__Dest_ESC,3.036043871177637e-05
categorical__Dest_PAH,3.0349599030714308e-05
categorical__Dest_VCT,3.016163598514748e-05
categorical__Dest_BRO,2.9943187581483906e-05
categorical__Dest_PAE,2.95860888859339e-05
categorical__Dest_YUM,2.9200203630933663e-05
categorical__Dest_BQN,2.8811551964299963e-05
categorical__Dest_LAN,2.810167342140002e-05
categorical__Dest_FSM,2.7743836899459484e-05
categorical__Dest_GUC,2.7138939301405946e-05
categorical__Dest_STX,2.678609769979464e-05
categorical__Dest_AGS,2.6700038211491373e-05
categorical__Dest_AZO,2.456788898089539e-05
categorical__Dest_JNU,2.4218213676907068e-05
categorical__Dest_RST,2.365899422252604e-05
categorical__Dest_CLL,2.3544007610174898e-05
categorical__Dest_SLN,2.3014422926360454e-05
categorical__Dest_GTF,2.2666640976455255e-05
categorical__Dest_CRW,2.1984887334105412e-05
categorical__Dest_AVP,2.0794028598289384e-05
categorical__Dest_MGM,2.0567078905676462e-05
categorical__Dest_INL,2.048643199768712e-05
categorical__Dest_LAW,2.016004527364896e-05
categorical__Dest_PSE,1.97291674133809e-05
categorical__Dest_DIK,1.9587346066751848e-05
categorical__Dest_ABR,1.918386634258437e-05
categorical__Dest_FOD,1.898972523530236e-05
categorical__Dest_FNT,1.8888992066608512e-05
categorical__Dest_VRB,1.8869683589244704e-05
categorical__Dest_HDN,1.857465676663063e-05
categorical__Dest_ATY,1.82991086103794e-05
categorical__Dest_ELM,1.7942952645739694e-05
categorical__Dest_CIU,1.7932667196254456e-05
categorical__Dest_HRL,1.7615064362353866e-05
categorical__Dest_CHO,1.719901080514674e-05
categorical__Dest_SPS,1.6753873053394645e-05
categorical__Dest_BIH,1.6342572873727795e-05
categorical__Dest_GCK,1.6092519407532028e-05
categorical__Dest_SWO,1.5985859386420977e-05
categorical__Dest_RHI,1.5886894016577982e-05
categorical__Dest_LCH,1.5711689185033186e-05
categorical__Dest_BFF,1.5465352823760542e-05
categorical__Dest_LAR,1.5276695528685123e-05
categorical__Dest_BPT,1.5109576436814721e-05
categorical__Dest_PRC,1.496677977028532e-05
categorical__Dest_SCK,1.4460773895309558e-05
categorical__Dest_CWA,1.444528290918669e-05
categorical__Dest_SUX,1.4074404294138386e-05
categorical__Dest_CMX,1.3666231005423733e-05
categorical__Dest_PIB,1.3628822515684266e-05
categorical__Dest_LWB,1.334690885619616e-05
categorical__Dest_BRD,1.313387913386738e-05
categorical__Dest_HYS,1.2676768378808729e-05
categorical__Dest_PQI,1.2537668957179451e-05
categorical__Dest_GTR,1.222420192470915e-05
categorical__Dest_LAF,1.2172963814435419e-05
categorical__Dest_WYS,1.1922251576185635e-05
categorical__Dest_DDC,1.1893639435228624e-05
categorical__Dest_LBF,1.1728056473926598e-05
categorical__Dest_SHR,1.1578800326241343e-05
categorical__Dest_GGG,1.1467643120794812e-05
categorical__Dest_GCC,1.145333401321776e-05
categorical__Dest_GRI,1.1284299632617048e-05
categorical__Dest_SPI,1.0729112000746526e-05
categorical__Dest_BJI,1.0548328987977893e-05
categorical__Dest_DVL,1.0471389297152347e-05
categorical__Dest_JMS,1.0013546134613533e-05
categorical__Dest_DEC,9.852943001733435e-06
categorical__Dest_CYS,9.789083267010499e-06
categorical__Dest_HYA,9.407813348007995e-06
categorical__Dest_OAJ,9.248367546876073e-06
categorical__Dest_HLN,8.932263830206378e-06
categorical__Dest_MCW,8.366093064492867e-06
categorical__Dest_JLN,8.221912766202446e-06
categorical__Dest_LBL,7.84097920144486e-06
categorical__Dest_EAU,7.573010953936534e-06
categorical__Dest_PIR,7.470755498325522e-06
categorical__Dest_RKS,7.290713995469705e-06
categorical__Dest_TTN,7.126155128493513e-06
categorical__Dest_IMT,7.084465952781681e-06
categorical__Dest_LWS,6.742156474234958e-06
categorical__Dest_HOB,6.5953475793204394e-06
categorical__Dest_PLN,6.365042211248614e-06
categorical__Dest_BGM,6.285755071572946e-06
categorical__Dest_SCE,4.9757067788457085e-06
categorical__Dest_BLV,4.70964706322711e-06
categorical__Dest_RIW,4.200180592059507e-06
categorical__Dest_JST,4.1249986074243474e-06
categorical__Dest_MEI,4.117019509143675e-06
categorical__Dest_EAR,3.858481538577086e-06
categorical__Dest_HEZ,3.6270229926468788e-06
categorical__Dest_LNS,3.6158260112665886e-06
categorical__Dest_FAY,3.4568749331627874e-06
categorical__Dest_BTM,3.4417079000706572e-06
categorical__Dest_HIB,3.2128325889164977e-06
categorical__Dest_ORH,2.981315635631688e-06
categorical__Dest_APN,2.6902170309078256e-06
categorical__Dest_FMN,2.6816398003156488e-06
categorical__Dest_CKB,2.5553335069361397e-06
categorical__Dest_ALO,2.3942002656819148e-06
categorical__Dest_MGW,1.9852558073619183e-06
categorical__Dest_LYH,1.8637039316862837e-06
categorical__Dest_ERI,1.4311725635654426e-06
categorical__Dest_SMX,1.108446049474164e-06
categorical__Dest_RFD,8.319571926627543e-07
categorical__Dest_SFB,0.0
categorical__Dest_CSG,0.0
